{
    "type": "object",
    "title": "Root Node",
    "required": [
        "_aws"
    ],
    "properties": {
        "_aws": {
            "$id": "#/properties/_aws",
            "type": "object",
            "title": "Metadata",
            "required": [
                "Timestamp",
                "CloudWatchMetrics"
            ],
            "properties": {
                "Timestamp": {
                    "$id": "#/properties/_aws/properties/Timestamp",
                    "type": "integer",
                    "title": "The Timestamp Schema",
                    "examples": [
                        1565375354953
                    ]
                },
                "CloudWatchMetrics": {
                    "$id": "#/properties/_aws/properties/CloudWatchMetrics",
                    "type": "array",
                    "title": "MetricDirectives",
                    "items": {
                        "$id": "#/properties/_aws/properties/CloudWatchMetrics/items",
                        "type": "object",
                        "title": "MetricDirective",
                        "required": [
                            "Namespace",
                            "Dimensions",
                            "Metrics"
                        ],
                        "properties": {
                            "Namespace": {
                                "$id": "#/properties/_aws/properties/CloudWatchMetrics/items/properties/Namespace",
                                "type": "string",
                                "title": "CloudWatch Metrics Namespace",
                                "examples": [
                                    "MyApp"
                                ],
                                "pattern": "^(.*)$",
                                "minLength": 1
                            },
                            "Dimensions": {
                                "$id": "#/properties/_aws/properties/CloudWatchMetrics/items/properties/Dimensions",
                                "type": "array",
                                "title": "The Dimensions Schema",
                                "minItems": 1,
                                "items": {
                                    "$id": "#/properties/_aws/properties/CloudWatchMetrics/items/properties/Dimensions/items",
                                    "type": "array",
                                    "title": "DimensionSet",
                                    "minItems": 1,
                                    "maxItems": 9,
                                    "items": {
                                        "$id": "#/properties/_aws/properties/CloudWatchMetrics/items/properties/Dimensions/items/items",
                                        "type": "string",
                                        "title": "DimensionReference",
                                        "examples": [
                                            "Operation"
                                        ],
                                        "pattern": "^(.*)$",
                                        "minItems": 1
                                    }
                                }
                            },
                            "Metrics": {
                                "$id": "#/properties/_aws/properties/CloudWatchMetrics/items/properties/Metrics",
                                "type": "array",
                                "title": "MetricDefinitions",
                                "minItems": 1,
                                "items": {
                                    "$id": "#/properties/_aws/properties/CloudWatchMetrics/items/properties/Metrics/items",
                                    "type": "object",
                                    "title": "MetricDefinition",
                                    "required": [
                                        "Name"
                                    ],
                                    "minItems": 1,
                                    "properties": {
                                        "Name": {
                                            "$id": "#/properties/_aws/properties/CloudWatchMetrics/items/properties/Metrics/items/properties/Name",
                                            "type": "string",
                                            "title": "MetricName",
                                            "examples": [
                                                "ProcessingLatency"
                                            ],
                                            "pattern": "^(.*)$",
                                            "minLength": 1
                                        },
                                        "Unit": {
                                            "$id": "#/properties/_aws/properties/CloudWatchMetrics/items/properties/Metrics/items/properties/Unit",
                                            "type": "string",
                                            "title": "MetricUnit",
                                            "examples": [
                                                "Milliseconds"
                                            ],
                                            "pattern": "^(Seconds|Microseconds|Milliseconds|Bytes|Kilobytes|Megabytes|Gigabytes|Terabytes|Bits|Kilobits|Megabits|Gigabits|Terabits|Percent|Count|Bytes\\/Second|Kilobytes\\/Second|Megabytes\\/Second|Gigabytes\\/Second|Terabytes\\/Second|Bits\\/Second|Kilobits\\/Second|Megabits\\/Second|Gigabits\\/Second|Terabits\\/Second|Count\\/Second|None)$"
                                        }
                                    }
                                }
                            }
                        }
                    }
                }
            }
        }
    }
}
